Skill,Job Count
Sales,886
Marketing,601
PHP,414
Communication,267
Business Development,243
SEO,238
WordPress,225
Laravel,164
Digital Marketing,147
.NET,129
JavaScript,125
React,120
Customer Service,117
HTML,94
CSS,88
Software Development,83
HR,83
Customer Support,82
Angular,74
Accounting,72
UI/UX,63
Java,61
Illustrator,60
MySQL,59
SQL,54
Recruitment,53
Finance,53
C#,52
Excel,46
jQuery,45
ASP.NET,44
Node.js,43
Bootstrap,36
Adobe Photoshop,31
Administration,29
Python,29
Word,27
OOP,26
MS Office,25
Flutter,24
AWS,24
Leadership,21
Linux,21
SQL Server,20
Human Resources,15
Graphic Design,14
Software Engineering,14
Project Management,14
C++,13
AngularJS,12
.NET Core,12
Vue.js,12
Django,10
Swift,10
Azure,9
Microsoft Office,9
Ruby,8
TypeScript,8
Machine Learning,8
Oracle,8
Data Analysis,7
Teamwork,7
Time Management,7
Problem Solving,6
MongoDB,6
Git,6
PowerPoint,5
Data Science,5
Firebase,5
Artificial Intelligence,4
REST API,4
QuickBooks,3
Kotlin,3
Figma,3
.Netcore,2
ASP.NET Core,2
GitHub,2
Jenkins,2
Docker,2
Kubernetes,2
Flask,1
GitLab,1
